{"cameraMode":{"drawMode":0,"name":"Shaded","section":"Shading Mode"},"sceneLighting":false,"audioPlay":false,"sceneViewState":{"showFog":true,"showMaterialUpdate":false,"showSkybox":false,"showFlares":true,"showImageEffects":true,"showParticleSystems":true},"in2DMode":false,"pivot":{"x":98.99999237060547,"y":163.39999389648438,"z":0.0},"rotation":{"x":0.010073027573525906,"y":0.9852697849273682,"z":-0.1588992476463318,"w":0.06244692578911781},"size":46.74633026123047,"orthographic":false}